timeStamp,elapsed,label,responseCode,responseMessage,threadName,dataType,success,failureMessage,bytes,sentBytes,grpThreads,allThreads,URL,Latency,Encoding,SampleCount,ErrorCount,Hostname,IdleTime,Connect
1704999453028,322,5 - GET - sbt,200,OK,Thread Group 1-1,text,true,,5398,117,2,2,https://www.sbt.com.br/,314,ISO-8859-1,1,0,98c5486a02ba,0,261
1704999456274,1292,4 - GET - g1,200,OK,Thread Group 1-2,text,true,,1004353,115,3,3,https://g1.globo.com/,1139,UTF-8,1,0,98c5486a02ba,0,1105
1704999458357,224,4 - GET - g1,200,OK,Thread Group 1-1,text,true,,1004338,115,3,3,https://g1.globo.com/,89,UTF-8,1,0,98c5486a02ba,0,66
1704999459605,413,5 - GET - sbt,200,OK,Thread Group 1-3,text,true,,5387,117,3,3,https://www.sbt.com.br/,413,ISO-8859-1,1,0,98c5486a02ba,0,364
1704999462569,110,5 - GET - sbt,200,OK,Thread Group 1-2,text,true,,5387,117,3,3,https://www.sbt.com.br/,110,ISO-8859-1,1,0,98c5486a02ba,0,68
1704999463583,266,2 - GET - UOL,200,OK,Thread Group 1-1,text,true,,831844,117,3,3,https://www.uol.com.br/,158,UTF-8,1,0,98c5486a02ba,0,128
1704999465021,199,2 - GET - UOL,200,OK,Thread Group 1-3,text,true,,831844,117,3,3,https://www.uol.com.br/,97,UTF-8,1,0,98c5486a02ba,0,69
1704999467680,290,1 - GET - Google,200,OK,Thread Group 1-2,text,true,,19940,120,3,3,https://www.google.com.br/,273,ISO-8859-1,1,0,98c5486a02ba,0,138
1704999468851,500,7 - GET - erro,Non HTTP response code: javax.net.ssl.SSLException,Non HTTP response message: Unsupported or unrecognized SSL message,Thread Group 1-1,text,false,,2805,0,3,3,https://www.r7.com.br/,0,ISO-8859-1,1,1,98c5486a02ba,0,500
1704999470221,258,3 - GET - Terra,200,OK,Thread Group 1-3,text,true,,410041,119,3,3,https://www.terra.com.br/,186,utf-8,1,0,98c5486a02ba,0,135
1704999472973,175,3 - GET - Terra,200,OK,Thread Group 1-2,text,true,,410029,119,3,3,https://www.terra.com.br/,113,utf-8,1,0,98c5486a02ba,0,68
1704999474361,507,3 - GET - Terra,200,OK,Thread Group 1-1,text,true,,410029,119,3,3,https://www.terra.com.br/,112,utf-8,1,0,98c5486a02ba,0,65
1704999475482,334,7 - GET - erro,Non HTTP response code: javax.net.ssl.SSLException,Non HTTP response message: Unsupported or unrecognized SSL message,Thread Group 1-3,text,false,,2805,0,3,3,https://www.r7.com.br/,0,ISO-8859-1,1,1,98c5486a02ba,0,334
1704999478149,197,2 - GET - UOL,200,OK,Thread Group 1-2,text,true,,831844,117,3,3,https://www.uol.com.br/,89,UTF-8,1,0,98c5486a02ba,0,64
1704999479870,270,1 - GET - Google,200,OK,Thread Group 1-1,text,true,,19948,120,3,3,https://www.google.com.br/,256,ISO-8859-1,1,0,98c5486a02ba,0,120
1704999480822,242,4 - GET - g1,200,OK,Thread Group 1-3,text,true,,1004367,115,3,3,https://g1.globo.com/,91,UTF-8,1,0,98c5486a02ba,0,66
1704999483349,334,7 - GET - erro,Non HTTP response code: javax.net.ssl.SSLException,Non HTTP response message: Unsupported or unrecognized SSL message,Thread Group 1-2,text,false,,2805,0,3,3,https://www.r7.com.br/,0,ISO-8859-1,1,1,98c5486a02ba,0,334
1704999485145,78,2 - GET - UOL,200,OK,Thread Group 1-1,text,true,,832326,117,3,3,https://www.uol.com.br/,23,UTF-8,1,0,98c5486a02ba,0,0
1704999486067,287,1 - GET - Google,200,OK,Thread Group 1-3,text,true,,19931,120,3,3,https://www.google.com.br/,271,ISO-8859-1,1,0,98c5486a02ba,0,141
1704999488685,44,5 - GET - sbt,200,OK,Thread Group 1-2,text,true,,5387,117,3,3,https://www.sbt.com.br/,44,ISO-8859-1,1,0,98c5486a02ba,0,0
1704999490224,87,4 - GET - g1,200,OK,Thread Group 1-1,text,true,,1004352,115,3,3,https://g1.globo.com/,23,UTF-8,1,0,98c5486a02ba,0,0
1704999491355,89,3 - GET - Terra,200,OK,Thread Group 1-3,text,true,,410059,119,3,3,https://www.terra.com.br/,45,utf-8,1,0,98c5486a02ba,0,0
1704999493729,137,1 - GET - Google,200,OK,Thread Group 1-2,text,true,,19972,120,3,3,https://www.google.com.br/,136,ISO-8859-1,1,0,98c5486a02ba,0,0
1704999495311,109,3 - GET - Terra,200,OK,Thread Group 1-1,text,true,,410059,119,3,3,https://www.terra.com.br/,42,utf-8,1,0,98c5486a02ba,0,0
1704999496444,137,1 - GET - Google,200,OK,Thread Group 1-3,text,true,,19957,120,3,3,https://www.google.com.br/,131,ISO-8859-1,1,0,98c5486a02ba,0,0
1704999498869,77,4 - GET - g1,200,OK,Thread Group 1-2,text,true,,1004224,115,3,3,https://g1.globo.com/,21,UTF-8,1,0,98c5486a02ba,0,0
1704999500422,46,5 - GET - sbt,200,OK,Thread Group 1-1,text,true,,5387,117,3,3,https://www.sbt.com.br/,46,ISO-8859-1,1,0,98c5486a02ba,0,0
1704999501583,42,5 - GET - sbt,200,OK,Thread Group 1-3,text,true,,5387,117,3,3,https://www.sbt.com.br/,41,ISO-8859-1,1,0,98c5486a02ba,0,0
1704999503946,624,2 - GET - UOL,200,OK,Thread Group 1-2,text,true,,832473,117,3,3,https://www.uol.com.br/,583,UTF-8,1,0,98c5486a02ba,0,0
1704999505469,350,7 - GET - erro,Non HTTP response code: javax.net.ssl.SSLException,Non HTTP response message: Unsupported or unrecognized SSL message,Thread Group 1-1,text,false,,2805,0,3,3,https://www.r7.com.br/,0,ISO-8859-1,1,1,98c5486a02ba,0,350
1704999506625,109,4 - GET - g1,200,OK,Thread Group 1-3,text,true,,1004226,115,3,3,https://g1.globo.com/,27,UTF-8,1,0,98c5486a02ba,0,0
1704999509573,334,7 - GET - erro,Non HTTP response code: javax.net.ssl.SSLException,Non HTTP response message: Unsupported or unrecognized SSL message,Thread Group 1-2,text,false,,2805,0,3,3,https://www.r7.com.br/,0,ISO-8859-1,1,1,98c5486a02ba,0,334
1704999510822,137,1 - GET - Google,200,OK,Thread Group 1-1,text,true,,19920,120,3,3,https://www.google.com.br/,135,ISO-8859-1,1,0,98c5486a02ba,0,0
1704999511736,68,2 - GET - UOL,200,OK,Thread Group 1-3,text,true,,832473,117,3,3,https://www.uol.com.br/,24,UTF-8,1,0,98c5486a02ba,0,0
1704999514909,66,3 - GET - Terra,200,OK,Thread Group 1-2,text,true,,410133,119,3,3,https://www.terra.com.br/,39,utf-8,1,0,98c5486a02ba,0,0
1704999515962,136,1 - GET - Google,200,OK,Thread Group 1-1,text,true,,19985,120,3,3,https://www.google.com.br/,134,ISO-8859-1,1,0,98c5486a02ba,0,0
1704999516805,339,7 - GET - erro,Non HTTP response code: javax.net.ssl.SSLException,Non HTTP response message: Unsupported or unrecognized SSL message,Thread Group 1-3,text,false,,2805,0,3,3,https://www.r7.com.br/,0,ISO-8859-1,1,1,98c5486a02ba,0,339
1704999519976,47,5 - GET - sbt,200,OK,Thread Group 1-2,text,true,,5387,117,3,3,https://www.sbt.com.br/,46,ISO-8859-1,1,0,98c5486a02ba,0,0
1704999521099,68,3 - GET - Terra,200,OK,Thread Group 1-1,text,true,,410133,119,3,3,https://www.terra.com.br/,46,utf-8,1,0,98c5486a02ba,0,0
1704999522147,60,3 - GET - Terra,200,OK,Thread Group 1-3,text,true,,410133,119,3,3,https://www.terra.com.br/,35,utf-8,1,0,98c5486a02ba,0,0
1704999525024,340,7 - GET - erro,Non HTTP response code: javax.net.ssl.SSLException,Non HTTP response message: Unsupported or unrecognized SSL message,Thread Group 1-2,text,false,,2805,0,3,3,https://www.r7.com.br/,0,ISO-8859-1,1,1,98c5486a02ba,0,340
1704999526168,235,4 - GET - g1,200,OK,Thread Group 1-1,text,true,,1004412,115,3,3,https://g1.globo.com/,96,UTF-8,1,0,98c5486a02ba,0,75
1704999527208,334,7 - GET - erro,Non HTTP response code: javax.net.ssl.SSLException,Non HTTP response message: Unsupported or unrecognized SSL message,Thread Group 1-3,text,false,,2805,0,3,3,https://www.r7.com.br/,0,ISO-8859-1,1,1,98c5486a02ba,0,334
1704999530367,69,3 - GET - Terra,200,OK,Thread Group 1-2,text,true,,410133,119,3,3,https://www.terra.com.br/,39,utf-8,1,0,98c5486a02ba,0,0
1704999531404,157,5 - GET - sbt,200,OK,Thread Group 1-1,text,true,,5387,117,3,3,https://www.sbt.com.br/,157,ISO-8859-1,1,0,98c5486a02ba,0,113
1704999532544,92,4 - GET - g1,200,OK,Thread Group 1-3,text,true,,1004408,115,3,3,https://g1.globo.com/,26,UTF-8,1,0,98c5486a02ba,0,0
1704999535438,272,1 - GET - Google,200,OK,Thread Group 1-2,text,true,,19977,120,3,3,https://www.google.com.br/,257,ISO-8859-1,1,0,98c5486a02ba,0,117
1704999536562,240,2 - GET - UOL,200,OK,Thread Group 1-1,text,true,,832517,117,3,3,https://www.uol.com.br/,140,UTF-8,1,0,98c5486a02ba,0,112
1704999537637,140,1 - GET - Google,200,OK,Thread Group 1-3,text,true,,19998,120,3,3,https://www.google.com.br/,138,ISO-8859-1,1,0,98c5486a02ba,0,0
1704999540711,199,2 - GET - UOL,200,OK,Thread Group 1-2,text,true,,832517,117,3,3,https://www.uol.com.br/,87,UTF-8,1,0,98c5486a02ba,0,57
1704999541803,407,7 - GET - erro,Non HTTP response code: javax.net.ssl.SSLException,Non HTTP response message: Unsupported or unrecognized SSL message,Thread Group 1-1,text,false,,2805,0,3,3,https://www.r7.com.br/,0,ISO-8859-1,1,1,98c5486a02ba,0,407
1704999542779,142,5 - GET - sbt,200,OK,Thread Group 1-3,text,true,,5387,117,3,3,https://www.sbt.com.br/,142,ISO-8859-1,1,0,98c5486a02ba,0,107
1704999545913,246,4 - GET - g1,200,OK,Thread Group 1-2,text,true,,1004409,115,3,3,https://g1.globo.com/,94,UTF-8,1,0,98c5486a02ba,0,65
1704999547212,44,5 - GET - sbt,200,OK,Thread Group 1-1,text,true,,5387,117,3,3,https://www.sbt.com.br/,44,ISO-8859-1,1,0,98c5486a02ba,0,0
1704999547921,241,2 - GET - UOL,200,OK,Thread Group 1-3,text,true,,833158,117,3,3,https://www.uol.com.br/,124,UTF-8,1,0,98c5486a02ba,0,94
1704999551160,164,5 - GET - sbt,200,OK,Thread Group 1-2,text,true,,5392,117,3,3,https://www.sbt.com.br/,164,ISO-8859-1,1,0,98c5486a02ba,0,114
1704999552257,107,4 - GET - g1,200,OK,Thread Group 1-1,text,true,,1004453,115,3,3,https://g1.globo.com/,23,UTF-8,1,0,98c5486a02ba,0,0
1704999553163,330,7 - GET - erro,Non HTTP response code: javax.net.ssl.SSLException,Non HTTP response message: Unsupported or unrecognized SSL message,Thread Group 1-3,text,false,,2805,0,3,3,https://www.r7.com.br/,0,ISO-8859-1,1,1,98c5486a02ba,0,330
1704999556326,341,7 - GET - erro,Non HTTP response code: javax.net.ssl.SSLException,Non HTTP response message: Unsupported or unrecognized SSL message,Thread Group 1-2,text,false,,2805,0,3,3,https://www.r7.com.br/,0,ISO-8859-1,1,1,98c5486a02ba,0,341
1704999557365,332,7 - GET - erro,Non HTTP response code: javax.net.ssl.SSLException,Non HTTP response message: Unsupported or unrecognized SSL message,Thread Group 1-1,text,false,,2805,0,3,3,https://www.r7.com.br/,0,ISO-8859-1,1,1,98c5486a02ba,0,332
1704999558495,256,3 - GET - Terra,200,OK,Thread Group 1-3,text,true,,409981,119,3,3,https://www.terra.com.br/,199,utf-8,1,0,98c5486a02ba,0,153
1704999561669,165,3 - GET - Terra,200,OK,Thread Group 1-2,text,true,,409969,119,3,3,https://www.terra.com.br/,99,utf-8,1,0,98c5486a02ba,0,60
1704999562700,167,3 - GET - Terra,200,OK,Thread Group 1-1,text,true,,409981,119,3,3,https://www.terra.com.br/,106,utf-8,1,0,98c5486a02ba,0,58
1704999563752,42,5 - GET - sbt,200,OK,Thread Group 1-3,text,true,,5387,117,3,3,https://www.sbt.com.br/,41,ISO-8859-1,1,0,98c5486a02ba,0,0
1704999566835,138,1 - GET - Google,200,OK,Thread Group 1-2,text,true,,19985,120,3,3,https://www.google.com.br/,134,ISO-8859-1,1,0,98c5486a02ba,0,0
1704999567868,487,1 - GET - Google,200,OK,Thread Group 1-1,text,true,,19928,120,3,3,https://www.google.com.br/,475,ISO-8859-1,1,0,98c5486a02ba,0,110
1704999568795,237,4 - GET - g1,200,OK,Thread Group 1-3,text,true,,1004435,115,3,3,https://g1.globo.com/,81,UTF-8,1,0,98c5486a02ba,0,62
1704999571975,114,4 - GET - g1,200,OK,Thread Group 1-2,text,true,,1004451,115,3,3,https://g1.globo.com/,31,UTF-8,1,0,98c5486a02ba,0,0
1704999573357,61,2 - GET - UOL,200,OK,Thread Group 1-1,text,true,,832035,117,3,3,https://www.uol.com.br/,23,UTF-8,1,0,98c5486a02ba,0,0
1704999574033,61,2 - GET - UOL,200,OK,Thread Group 1-3,text,true,,832035,117,3,3,https://www.uol.com.br/,22,UTF-8,1,0,98c5486a02ba,0,0
1704999577092,73,2 - GET - UOL,200,OK,Thread Group 1-2,text,true,,832035,117,3,3,https://www.uol.com.br/,27,UTF-8,1,0,98c5486a02ba,0,0
1704999578419,138,1 - GET - Google,200,OK,Thread Group 1-1,text,true,,19927,120,3,3,https://www.google.com.br/,132,ISO-8859-1,1,0,98c5486a02ba,0,0
1704999579095,289,1 - GET - Google,200,OK,Thread Group 1-3,text,true,,19944,120,3,3,https://www.google.com.br/,252,ISO-8859-1,1,0,98c5486a02ba,0,104
1704999582166,101,4 - GET - g1,200,OK,Thread Group 1-2,text,true,,1004450,115,3,3,https://g1.globo.com/,22,UTF-8,1,0,98c5486a02ba,0,0
1704999583558,82,3 - GET - Terra,200,OK,Thread Group 1-1,text,true,,410560,119,3,3,https://www.terra.com.br/,38,utf-8,1,0,98c5486a02ba,0,0
1704999584386,43,5 - GET - sbt,200,OK,Thread Group 1-3,text,true,,5392,117,3,3,https://www.sbt.com.br/,43,ISO-8859-1,1,0,98c5486a02ba,0,0
1704999587268,59,3 - GET - Terra,200,OK,Thread Group 1-2,text,true,,410560,119,3,3,https://www.terra.com.br/,36,utf-8,1,0,98c5486a02ba,0,0
1704999588641,341,7 - GET - erro,Non HTTP response code: javax.net.ssl.SSLException,Non HTTP response message: Unsupported or unrecognized SSL message,Thread Group 1-1,text,false,,2805,0,3,3,https://www.r7.com.br/,0,ISO-8859-1,1,1,98c5486a02ba,0,341
1704999589431,62,2 - GET - UOL,200,OK,Thread Group 1-3,text,true,,832035,117,3,3,https://www.uol.com.br/,24,UTF-8,1,0,98c5486a02ba,0,0
1704999592328,340,7 - GET - erro,Non HTTP response code: javax.net.ssl.SSLException,Non HTTP response message: Unsupported or unrecognized SSL message,Thread Group 1-2,text,false,,2805,0,3,3,https://www.r7.com.br/,0,ISO-8859-1,1,1,98c5486a02ba,0,340
1704999593985,218,4 - GET - g1,200,OK,Thread Group 1-1,text,true,,1004447,115,3,3,https://g1.globo.com/,87,UTF-8,1,0,98c5486a02ba,0,58
1704999594493,328,7 - GET - erro,Non HTTP response code: javax.net.ssl.SSLException,Non HTTP response message: Unsupported or unrecognized SSL message,Thread Group 1-3,text,false,,2805,0,3,3,https://www.r7.com.br/,0,ISO-8859-1,1,1,98c5486a02ba,0,328
1704999597669,60,2 - GET - UOL,200,OK,Thread Group 1-2,text,true,,833201,117,3,3,https://www.uol.com.br/,26,UTF-8,1,0,98c5486a02ba,0,0
1704999599204,188,5 - GET - sbt,200,OK,Thread Group 1-1,text,true,,5393,117,3,3,https://www.sbt.com.br/,188,ISO-8859-1,1,0,98c5486a02ba,0,143
1704999599823,54,3 - GET - Terra,200,OK,Thread Group 1-3,text,true,,410059,119,3,3,https://www.terra.com.br/,34,utf-8,1,0,98c5486a02ba,0,0
1704999602731,258,1 - GET - Google,200,OK,Thread Group 1-2,text,true,,19943,120,3,3,https://www.google.com.br/,243,ISO-8859-1,1,0,98c5486a02ba,0,110
1704999604878,132,1 - GET - Google,200,OK,Thread Group 1-3,text,true,,19981,120,3,3,https://www.google.com.br/,125,ISO-8859-1,1,0,98c5486a02ba,0,0
1704999604394,1266,2 - GET - UOL,200,OK,Thread Group 1-1,text,true,,837433,117,3,3,https://www.uol.com.br/,1148,UTF-8,1,0,98c5486a02ba,0,1117
1704999607992,45,5 - GET - sbt,200,OK,Thread Group 1-2,text,true,,5387,117,3,3,https://www.sbt.com.br/,45,ISO-8859-1,1,0,98c5486a02ba,0,0
1704999610010,88,4 - GET - g1,200,OK,Thread Group 1-3,text,true,,1004433,115,3,3,https://g1.globo.com/,18,UTF-8,1,0,98c5486a02ba,0,0
1704999610660,69,2 - GET - UOL,200,OK,Thread Group 1-1,text,true,,837433,117,3,3,https://www.uol.com.br/,22,UTF-8,1,0,98c5486a02ba,0,0
1704999613038,128,1 - GET - Google,200,OK,Thread Group 1-2,text,true,,19965,120,3,3,https://www.google.com.br/,122,ISO-8859-1,1,0,98c5486a02ba,0,0
1704999615099,168,5 - GET - sbt,200,OK,Thread Group 1-3,text,true,,5387,117,3,3,https://www.sbt.com.br/,167,ISO-8859-1,1,0,98c5486a02ba,0,114
1704999615730,48,5 - GET - sbt,200,OK,Thread Group 1-1,text,true,,5387,117,3,3,https://www.sbt.com.br/,48,ISO-8859-1,1,0,98c5486a02ba,0,0
1704999618167,179,2 - GET - UOL,200,OK,Thread Group 1-2,text,true,,831957,117,3,3,https://www.uol.com.br/,88,UTF-8,1,0,98c5486a02ba,0,58
1704999620268,83,4 - GET - g1,200,OK,Thread Group 1-3,text,true,,1004433,115,3,3,https://g1.globo.com/,22,UTF-8,1,0,98c5486a02ba,0,0
1704999620780,150,1 - GET - Google,200,OK,Thread Group 1-1,text,true,,19953,120,3,3,https://www.google.com.br/,148,ISO-8859-1,1,0,98c5486a02ba,0,0
1704999623347,431,7 - GET - erro,Non HTTP response code: javax.net.ssl.SSLException,Non HTTP response message: Unsupported or unrecognized SSL message,Thread Group 1-2,text,false,,2805,0,3,3,https://www.r7.com.br/,0,ISO-8859-1,1,1,98c5486a02ba,0,431
1704999625352,525,3 - GET - Terra,200,OK,Thread Group 1-3,text,true,,409935,119,3,3,https://www.terra.com.br/,474,utf-8,1,0,98c5486a02ba,0,430
1704999625931,346,7 - GET - erro,Non HTTP response code: javax.net.ssl.SSLException,Non HTTP response message: Unsupported or unrecognized SSL message,Thread Group 1-1,text,false,,2805,0,3,3,https://www.r7.com.br/,0,ISO-8859-1,1,1,98c5486a02ba,0,346
1704999628779,159,3 - GET - Terra,200,OK,Thread Group 1-2,text,true,,409935,119,3,3,https://www.terra.com.br/,108,utf-8,1,0,98c5486a02ba,0,64
1704999630878,353,7 - GET - erro,Non HTTP response code: javax.net.ssl.SSLException,Non HTTP response message: Unsupported or unrecognized SSL message,Thread Group 1-3,text,false,,2805,0,3,3,https://www.r7.com.br/,0,ISO-8859-1,1,1,98c5486a02ba,0,353
1704999631278,171,3 - GET - Terra,200,OK,Thread Group 1-1,text,true,,409947,119,3,3,https://www.terra.com.br/,103,utf-8,1,0,98c5486a02ba,0,61
1704999633938,249,4 - GET - g1,200,OK,Thread Group 1-2,text,true,,1004946,115,3,3,https://g1.globo.com/,97,UTF-8,1,0,98c5486a02ba,0,69
1704999636235,141,1 - GET - Google,200,OK,Thread Group 1-3,text,true,,19974,120,3,3,https://www.google.com.br/,136,ISO-8859-1,1,0,98c5486a02ba,0,0
1704999636451,83,4 - GET - g1,200,OK,Thread Group 1-1,text,true,,1004946,115,3,3,https://g1.globo.com/,20,UTF-8,1,0,98c5486a02ba,0,0
1704999639188,177,5 - GET - sbt,200,OK,Thread Group 1-2,text,true,,5394,117,3,3,https://www.sbt.com.br/,177,ISO-8859-1,1,0,98c5486a02ba,0,131
1704999641535,45,5 - GET - sbt,200,OK,Thread Group 1-1,text,true,,5393,117,3,3,https://www.sbt.com.br/,42,ISO-8859-1,1,0,98c5486a02ba,0,0
1704999641377,224,2 - GET - UOL,200,OK,Thread Group 1-3,text,true,,832035,117,3,3,https://www.uol.com.br/,107,UTF-8,1,0,98c5486a02ba,0,78
1704999644355,41,5 - GET - sbt,200,OK,Thread Group 1-2,text,true,,5394,117,3,3,https://www.sbt.com.br/,40,ISO-8859-1,1,0,98c5486a02ba,0,0
1704999646590,69,2 - GET - UOL,200,OK,Thread Group 1-3,text,true,,831944,117,3,3,https://www.uol.com.br/,30,UTF-8,1,0,98c5486a02ba,0,0
1704999646570,348,7 - GET - erro,Non HTTP response code: javax.net.ssl.SSLException,Non HTTP response message: Unsupported or unrecognized SSL message,Thread Group 1-1,text,false,,2805,0,3,3,https://www.r7.com.br/,0,ISO-8859-1,1,1,98c5486a02ba,0,348
1704999649397,350,7 - GET - erro,Non HTTP response code: javax.net.ssl.SSLException,Non HTTP response message: Unsupported or unrecognized SSL message,Thread Group 1-2,text,false,,2805,0,3,3,https://www.r7.com.br/,0,ISO-8859-1,1,1,98c5486a02ba,0,350
1704999651660,47,5 - GET - sbt,200,OK,Thread Group 1-3,text,true,,5394,117,3,3,https://www.sbt.com.br/,47,ISO-8859-1,1,0,98c5486a02ba,0,0
1704999651920,54,3 - GET - Terra,200,OK,Thread Group 1-1,text,true,,409980,119,3,3,https://www.terra.com.br/,35,utf-8,1,0,98c5486a02ba,0,0
1704999654750,60,3 - GET - Terra,200,OK,Thread Group 1-2,text,true,,409980,119,3,3,https://www.terra.com.br/,41,utf-8,1,0,98c5486a02ba,0,0
1704999656709,58,3 - GET - Terra,200,OK,Thread Group 1-3,text,true,,409980,119,3,3,https://www.terra.com.br/,38,utf-8,1,0,98c5486a02ba,0,0
1704999656975,220,4 - GET - g1,200,OK,Thread Group 1-1,text,true,,1004926,115,3,3,https://g1.globo.com/,80,UTF-8,1,0,98c5486a02ba,0,59
1704999659812,134,4 - GET - g1,200,OK,Thread Group 1-2,text,true,,1004926,115,3,3,https://g1.globo.com/,25,UTF-8,1,0,98c5486a02ba,0,0
1704999661769,244,4 - GET - g1,200,OK,Thread Group 1-3,text,true,,1004930,115,3,3,https://g1.globo.com/,80,UTF-8,1,0,98c5486a02ba,0,53
1704999662197,271,1 - GET - Google,200,OK,Thread Group 1-1,text,true,,19994,120,3,3,https://www.google.com.br/,256,ISO-8859-1,1,0,98c5486a02ba,0,123
1704999664948,66,2 - GET - UOL,200,OK,Thread Group 1-2,text,true,,832945,117,3,3,https://www.uol.com.br/,27,UTF-8,1,0,98c5486a02ba,0,0
1704999667015,262,1 - GET - Google,200,OK,Thread Group 1-3,text,true,,19988,120,3,3,https://www.google.com.br/,246,ISO-8859-1,1,0,98c5486a02ba,0,106
1704999667468,201,2 - GET - UOL,200,OK,Thread Group 1-1,text,true,,832945,117,3,3,https://www.uol.com.br/,91,UTF-8,1,0,98c5486a02ba,0,64
1704999670014,1053,1 - GET - Google,200,OK,Thread Group 1-2,text,true,,20007,120,3,3,https://www.google.com.br/,1025,ISO-8859-1,1,0,98c5486a02ba,0,647
1704999672289,356,7 - GET - erro,Non HTTP response code: javax.net.ssl.SSLException,Non HTTP response message: Unsupported or unrecognized SSL message,Thread Group 1-3,text,false,,2805,0,3,3,https://www.r7.com.br/,0,ISO-8859-1,1,1,98c5486a02ba,0,356
1704999672682,96,4 - GET - g1,200,OK,Thread Group 1-1,text,true,,1004926,115,3,3,https://g1.globo.com/,24,UTF-8,1,0,98c5486a02ba,0,0
1704999676080,142,1 - GET - Google,200,OK,Thread Group 1-2,text,true,,19946,120,3,3,https://www.google.com.br/,136,ISO-8859-1,1,0,98c5486a02ba,0,0
1704999677647,143,1 - GET - Google,200,OK,Thread Group 1-3,text,true,,20019,120,3,3,https://www.google.com.br/,138,ISO-8859-1,1,0,98c5486a02ba,0,0
1704999677779,45,3 - GET - Terra,200,OK,Thread Group 1-1,text,true,,410075,119,3,3,https://www.terra.com.br/,29,utf-8,1,0,98c5486a02ba,0,0
1704999681224,59,3 - GET - Terra,200,OK,Thread Group 1-2,text,true,,410075,119,3,3,https://www.terra.com.br/,36,utf-8,1,0,98c5486a02ba,0,0
1704999682791,63,2 - GET - UOL,200,OK,Thread Group 1-3,text,true,,833173,117,3,3,https://www.uol.com.br/,26,UTF-8,1,0,98c5486a02ba,0,0
1704999682825,139,1 - GET - Google,200,OK,Thread Group 1-1,text,true,,19948,120,3,3,https://www.google.com.br/,134,ISO-8859-1,1,0,98c5486a02ba,0,0
1704999686284,48,5 - GET - sbt,200,OK,Thread Group 1-2,text,true,,5394,117,3,3,https://www.sbt.com.br/,48,ISO-8859-1,1,0,98c5486a02ba,0,0
1704999687855,99,4 - GET - g1,200,OK,Thread Group 1-3,text,true,,1005082,115,3,3,https://g1.globo.com/,27,UTF-8,1,0,98c5486a02ba,0,0
1704999687965,60,2 - GET - UOL,200,OK,Thread Group 1-1,text,true,,833073,117,3,3,https://www.uol.com.br/,20,UTF-8,1,0,98c5486a02ba,0,0
1704999691334,348,7 - GET - erro,Non HTTP response code: javax.net.ssl.SSLException,Non HTTP response message: Unsupported or unrecognized SSL message,Thread Group 1-2,text,false,,2805,0,3,3,https://www.r7.com.br/,0,ISO-8859-1,1,1,98c5486a02ba,0,348
1704999692955,344,7 - GET - erro,Non HTTP response code: javax.net.ssl.SSLException,Non HTTP response message: Unsupported or unrecognized SSL message,Thread Group 1-3,text,false,,2805,0,3,3,https://www.r7.com.br/,0,ISO-8859-1,1,1,98c5486a02ba,0,344
1704999693026,354,7 - GET - erro,Non HTTP response code: javax.net.ssl.SSLException,Non HTTP response message: Unsupported or unrecognized SSL message,Thread Group 1-1,text,false,,2805,0,3,3,https://www.r7.com.br/,0,ISO-8859-1,1,1,98c5486a02ba,0,354
1704999696685,247,2 - GET - UOL,200,OK,Thread Group 1-2,text,true,,833182,117,3,3,https://www.uol.com.br/,139,UTF-8,1,0,98c5486a02ba,0,111
1704999698301,162,5 - GET - sbt,200,OK,Thread Group 1-3,text,true,,5387,117,3,3,https://www.sbt.com.br/,162,ISO-8859-1,1,0,98c5486a02ba,0,117
1704999698381,156,5 - GET - sbt,200,OK,Thread Group 1-1,text,true,,5387,117,3,3,https://www.sbt.com.br/,156,ISO-8859-1,1,0,98c5486a02ba,0,113
1704999701933,229,4 - GET - g1,200,OK,Thread Group 1-2,text,true,,1004972,115,3,3,https://g1.globo.com/,82,UTF-8,1,0,98c5486a02ba,0,62
1704999703466,233,3 - GET - Terra,200,OK,Thread Group 1-3,text,true,,417276,119,3,3,https://www.terra.com.br/,174,utf-8,1,0,98c5486a02ba,0,130
1704999703539,162,3 - GET - Terra,200,OK,Thread Group 1-1,text,true,,417288,119,3,3,https://www.terra.com.br/,103,utf-8,1,0,98c5486a02ba,0,57
1704999707165,165,5 - GET - sbt,200,OK,Thread Group 1-2,text,true,,5394,117,3,3,https://www.sbt.com.br/,165,ISO-8859-1,1,0,98c5486a02ba,0,117
1704999708702,42,5 - GET - sbt,200,OK,Thread Group 1-1,text,true,,5393,117,3,3,https://www.sbt.com.br/,41,ISO-8859-1,1,0,98c5486a02ba,0,0
1704999708700,68,3 - GET - Terra,200,OK,Thread Group 1-3,text,true,,417396,119,3,3,https://www.terra.com.br/,48,utf-8,1,0,98c5486a02ba,0,0
1704999712331,432,7 - GET - erro,Non HTTP response code: javax.net.ssl.SSLException,Non HTTP response message: Unsupported or unrecognized SSL message,Thread Group 1-2,text,false,,2805,0,3,3,https://www.r7.com.br/,0,ISO-8859-1,1,1,98c5486a02ba,0,431
1704999713746,112,4 - GET - g1,200,OK,Thread Group 1-1,text,true,,1004968,115,3,3,https://g1.globo.com/,25,UTF-8,1,0,98c5486a02ba,0,0
1704999713770,106,4 - GET - g1,200,OK,Thread Group 1-3,text,true,,1004972,115,3,3,https://g1.globo.com/,22,UTF-8,1,0,98c5486a02ba,0,0
1704999717764,98,4 - GET - g1,200,OK,Thread Group 1-2,text,true,,1004972,115,3,3,https://g1.globo.com/,28,UTF-8,1,0,98c5486a02ba,0,0
1704999718860,139,1 - GET - Google,200,OK,Thread Group 1-1,text,true,,20028,120,3,3,https://www.google.com.br/,134,ISO-8859-1,1,0,98c5486a02ba,0,0
1704999718876,196,1 - GET - Google,200,OK,Thread Group 1-3,text,true,,19980,120,3,3,https://www.google.com.br/,195,ISO-8859-1,1,0,98c5486a02ba,0,0
1704999722864,147,1 - GET - Google,200,OK,Thread Group 1-2,text,true,,19954,120,3,3,https://www.google.com.br/,143,ISO-8859-1,1,0,98c5486a02ba,0,0
1704999724074,44,5 - GET - sbt,200,OK,Thread Group 1-3,text,true,,5393,117,3,3,https://www.sbt.com.br/,44,ISO-8859-1,1,0,98c5486a02ba,0,0
1704999724000,351,7 - GET - erro,Non HTTP response code: javax.net.ssl.SSLException,Non HTTP response message: Unsupported or unrecognized SSL message,Thread Group 1-1,text,false,,2805,0,3,3,https://www.r7.com.br/,0,ISO-8859-1,1,1,98c5486a02ba,0,351
1704999728013,158,3 - GET - Terra,200,OK,Thread Group 1-2,text,true,,417202,119,3,3,https://www.terra.com.br/,103,utf-8,1,0,98c5486a02ba,0,61
1704999729118,230,2 - GET - UOL,200,OK,Thread Group 1-3,text,true,,833356,117,3,3,https://www.uol.com.br/,136,UTF-8,1,0,98c5486a02ba,0,109
1704999729352,206,2 - GET - UOL,200,OK,Thread Group 1-1,text,true,,833356,117,3,3,https://www.uol.com.br/,97,UTF-8,1,0,98c5486a02ba,0,68
1704999733173,65,2 - GET - UOL,200,OK,Thread Group 1-2,text,true,,833065,117,3,3,https://www.uol.com.br/,27,UTF-8,1,0,98c5486a02ba,0,0
1704999734350,348,7 - GET - erro,Non HTTP response code: javax.net.ssl.SSLException,Non HTTP response message: Unsupported or unrecognized SSL message,Thread Group 1-3,text,false,,2805,0,3,3,https://www.r7.com.br/,0,ISO-8859-1,1,1,98c5486a02ba,0,348
1704999734560,270,4 - GET - g1,200,OK,Thread Group 1-1,text,true,,1004972,115,3,3,https://g1.globo.com/,91,UTF-8,1,0,98c5486a02ba,0,69
1704999738240,43,5 - GET - sbt,200,OK,Thread Group 1-2,text,true,,5400,117,3,3,https://www.sbt.com.br/,43,ISO-8859-1,1,0,98c5486a02ba,0,0
1704999739833,48,5 - GET - sbt,200,OK,Thread Group 1-1,text,true,,5387,117,3,3,https://www.sbt.com.br/,48,ISO-8859-1,1,0,98c5486a02ba,0,0
1704999739700,345,7 - GET - erro,Non HTTP response code: javax.net.ssl.SSLException,Non HTTP response message: Unsupported or unrecognized SSL message,Thread Group 1-3,text,false,,2805,0,3,3,https://www.r7.com.br/,0,ISO-8859-1,1,1,98c5486a02ba,0,345
1704999743283,273,1 - GET - Google,200,OK,Thread Group 1-2,text,true,,19946,120,3,3,https://www.google.com.br/,257,ISO-8859-1,1,0,98c5486a02ba,0,129
1704999745046,56,3 - GET - Terra,200,OK,Thread Group 1-3,text,true,,417322,119,3,3,https://www.terra.com.br/,36,utf-8,1,0,98c5486a02ba,0,0
1704999744882,283,1 - GET - Google,200,OK,Thread Group 1-1,text,true,,19987,120,3,3,https://www.google.com.br/,248,ISO-8859-1,1,0,98c5486a02ba,0,113
1704999748557,54,3 - GET - Terra,200,OK,Thread Group 1-2,text,true,,417322,119,3,3,https://www.terra.com.br/,37,utf-8,1,0,98c5486a02ba,0,0
1704999750104,44,5 - GET - sbt,200,OK,Thread Group 1-3,text,true,,5394,117,3,3,https://www.sbt.com.br/,44,ISO-8859-1,1,0,98c5486a02ba,0,0
1704999750167,366,7 - GET - erro,Non HTTP response code: javax.net.ssl.SSLException,Non HTTP response message: Unsupported or unrecognized SSL message,Thread Group 1-1,text,false,,2805,0,3,3,https://www.r7.com.br/,0,ISO-8859-1,1,1,98c5486a02ba,0,366
1704999753611,69,2 - GET - UOL,200,OK,Thread Group 1-2,text,true,,833056,117,3,3,https://www.uol.com.br/,27,UTF-8,1,0,98c5486a02ba,0,0
1704999755150,60,2 - GET - UOL,200,OK,Thread Group 1-3,text,true,,833056,117,3,3,https://www.uol.com.br/,23,UTF-8,1,0,98c5486a02ba,0,0
1704999755533,64,2 - GET - UOL,200,OK,Thread Group 1-1,text,true,,833056,117,3,3,https://www.uol.com.br/,27,UTF-8,1,0,98c5486a02ba,0,0
1704999758681,86,4 - GET - g1,200,OK,Thread Group 1-2,text,true,,1005022,115,3,3,https://g1.globo.com/,25,UTF-8,1,0,98c5486a02ba,0,0
1704999760598,101,3 - GET - Terra,200,OK,Thread Group 1-1,text,true,,416826,119,3,3,https://www.terra.com.br/,34,utf-8,1,0,98c5486a02ba,0,0
1704999760211,983,1 - GET - Google,200,OK,Thread Group 1-3,text,true,,20061,120,3,3,https://www.google.com.br/,968,ISO-8859-1,1,0,98c5486a02ba,0,471
1704999763768,350,7 - GET - erro,Non HTTP response code: javax.net.ssl.SSLException,Non HTTP response message: Unsupported or unrecognized SSL message,Thread Group 1-2,text,false,,2805,0,3,3,https://www.r7.com.br/,0,ISO-8859-1,1,1,98c5486a02ba,0,350
1704999765701,123,1 - GET - Google,200,OK,Thread Group 1-1,text,true,,19980,120,3,3,https://www.google.com.br/,118,ISO-8859-1,1,0,98c5486a02ba,0,0
1704999766196,240,4 - GET - g1,200,OK,Thread Group 1-3,text,true,,1005022,115,3,3,https://g1.globo.com/,95,UTF-8,1,0,98c5486a02ba,0,71
1704999769119,53,3 - GET - Terra,200,OK,Thread Group 1-2,text,true,,416826,119,3,3,https://www.terra.com.br/,32,utf-8,1,0,98c5486a02ba,0,0
1704999770824,218,3 - GET - Terra,200,OK,Thread Group 1-1,text,true,,416706,119,3,3,https://www.terra.com.br/,154,utf-8,1,0,98c5486a02ba,0,117
1704999771436,136,1 - GET - Google,200,OK,Thread Group 1-3,text,true,,19972,120,3,3,https://www.google.com.br/,129,ISO-8859-1,1,0,98c5486a02ba,0,0
1704999774174,270,4 - GET - g1,200,OK,Thread Group 1-2,text,true,,1005284,115,3,3,https://g1.globo.com/,130,UTF-8,1,0,98c5486a02ba,0,58
1704999776044,343,7 - GET - erro,Non HTTP response code: javax.net.ssl.SSLException,Non HTTP response message: Unsupported or unrecognized SSL message,Thread Group 1-1,text,false,,2805,0,3,3,https://www.r7.com.br/,0,ISO-8859-1,1,1,98c5486a02ba,0,343
1704999776573,345,7 - GET - erro,Non HTTP response code: javax.net.ssl.SSLException,Non HTTP response message: Unsupported or unrecognized SSL message,Thread Group 1-3,text,false,,2805,0,3,3,https://www.r7.com.br/,0,ISO-8859-1,1,1,98c5486a02ba,0,344
1704999779444,355,7 - GET - erro,Non HTTP response code: javax.net.ssl.SSLException,Non HTTP response message: Unsupported or unrecognized SSL message,Thread Group 1-2,text,false,,2805,0,3,3,https://www.r7.com.br/,0,ISO-8859-1,1,1,98c5486a02ba,0,355
1704999781388,124,4 - GET - g1,200,OK,Thread Group 1-1,text,true,,1005022,115,3,3,https://g1.globo.com/,25,UTF-8,1,0,98c5486a02ba,0,0
1704999781919,97,4 - GET - g1,200,OK,Thread Group 1-3,text,true,,1005022,115,3,3,https://g1.globo.com/,30,UTF-8,1,0,98c5486a02ba,0,0
1704999784801,229,5 - GET - sbt,200,OK,Thread Group 1-2,text,true,,5387,117,3,3,https://www.sbt.com.br/,229,ISO-8859-1,1,0,98c5486a02ba,0,183
1704999786515,64,2 - GET - UOL,200,OK,Thread Group 1-1,text,true,,833673,117,3,3,https://www.uol.com.br/,27,UTF-8,1,0,98c5486a02ba,0,0
1704999787018,65,2 - GET - UOL,200,OK,Thread Group 1-3,text,true,,833673,117,3,3,https://www.uol.com.br/,29,UTF-8,1,0,98c5486a02ba,0,0
1704999790030,308,2 - GET - UOL,200,OK,Thread Group 1-2,text,true,,833673,117,3,3,https://www.uol.com.br/,144,UTF-8,1,0,98c5486a02ba,0,121
1704999791578,153,5 - GET - sbt,200,OK,Thread Group 1-1,text,true,,5387,117,3,3,https://www.sbt.com.br/,153,ISO-8859-1,1,0,98c5486a02ba,0,111
1704999792083,147,3 - GET - Terra,200,OK,Thread Group 1-3,text,true,,416768,119,3,3,https://www.terra.com.br/,91,utf-8,1,0,98c5486a02ba,0,49
1704999795340,684,1 - GET - Google,200,OK,Thread Group 1-2,text,true,,19939,120,3,3,https://www.google.com.br/,678,ISO-8859-1,1,0,98c5486a02ba,0,0
1704999796733,42,5 - GET - sbt,200,OK,Thread Group 1-1,text,true,,5392,117,3,3,https://www.sbt.com.br/,42,ISO-8859-1,1,0,98c5486a02ba,0,0
1704999797232,150,5 - GET - sbt,200,OK,Thread Group 1-3,text,true,,5392,117,3,3,https://www.sbt.com.br/,150,ISO-8859-1,1,0,98c5486a02ba,0,106
1704999801025,470,4 - GET - g1,200,OK,Thread Group 1-2,text,true,,1005104,115,3,3,https://g1.globo.com/,401,UTF-8,1,0,98c5486a02ba,0,0
1704999801776,133,1 - GET - Google,200,OK,Thread Group 1-1,text,true,,19997,120,3,3,https://www.google.com.br/,128,ISO-8859-1,1,0,98c5486a02ba,0,0
1704999802383,56,5 - GET - sbt,200,OK,Thread Group 1-3,text,true,,5387,117,3,3,https://www.sbt.com.br/,56,ISO-8859-1,1,0,98c5486a02ba,0,0
1704999806495,266,5 - GET - sbt,200,OK,Thread Group 1-2,text,true,,5392,117,3,3,https://www.sbt.com.br/,262,ISO-8859-1,1,0,98c5486a02ba,0,0
1704999806910,291,4 - GET - g1,200,OK,Thread Group 1-1,text,true,,1005109,115,3,3,https://g1.globo.com/,96,UTF-8,1,0,98c5486a02ba,0,76
1704999807439,435,7 - GET - erro,Non HTTP response code: javax.net.ssl.SSLException,Non HTTP response message: Unsupported or unrecognized SSL message,Thread Group 1-3,text,false,,2805,0,3,3,https://www.r7.com.br/,0,ISO-8859-1,1,1,98c5486a02ba,0,435
1704999811761,226,3 - GET - Terra,200,OK,Thread Group 1-2,text,true,,418035,119,3,3,https://www.terra.com.br/,175,utf-8,1,0,98c5486a02ba,0,140
1704999812201,344,7 - GET - erro,Non HTTP response code: javax.net.ssl.SSLException,Non HTTP response message: Unsupported or unrecognized SSL message,Thread Group 1-1,text,false,,2805,0,3,3,https://www.r7.com.br/,0,ISO-8859-1,1,1,98c5486a02ba,0,344
1704999812876,268,2 - GET - UOL,200,OK,Thread Group 1-3,text,true,,829181,117,3,3,https://www.uol.com.br/,105,UTF-8,1,0,98c5486a02ba,0,53
1704999816990,229,2 - GET - UOL,200,OK,Thread Group 1-2,text,true,,829189,117,3,3,https://www.uol.com.br/,25,UTF-8,1,0,98c5486a02ba,0,0
1704999817548,171,3 - GET - Terra,200,OK,Thread Group 1-1,text,true,,418155,119,3,3,https://www.terra.com.br/,69,utf-8,1,0,98c5486a02ba,0,0
1704999818145,60,3 - GET - Terra,200,OK,Thread Group 1-3,text,true,,418155,119,3,3,https://www.terra.com.br/,32,utf-8,1,0,98c5486a02ba,0,0
1704999822220,282,1 - GET - Google,200,OK,Thread Group 1-2,text,true,,19991,120,3,3,https://www.google.com.br/,265,ISO-8859-1,1,0,98c5486a02ba,0,136
1704999822721,212,2 - GET - UOL,200,OK,Thread Group 1-1,text,true,,829189,117,3,3,https://www.uol.com.br/,102,UTF-8,1,0,98c5486a02ba,0,74
1704999823207,91,4 - GET - g1,200,OK,Thread Group 1-3,text,true,,1005114,115,3,3,https://g1.globo.com/,24,UTF-8,1,0,98c5486a02ba,0,0
1704999827504,346,7 - GET - erro,Non HTTP response code: javax.net.ssl.SSLException,Non HTTP response message: Unsupported or unrecognized SSL message,Thread Group 1-2,text,false,,2805,0,3,3,https://www.r7.com.br/,0,ISO-8859-1,1,1,98c5486a02ba,0,346
1704999827934,340,7 - GET - erro,Non HTTP response code: javax.net.ssl.SSLException,Non HTTP response message: Unsupported or unrecognized SSL message,Thread Group 1-1,text,false,,2805,0,3,3,https://www.r7.com.br/,0,ISO-8859-1,1,1,98c5486a02ba,0,340
1704999828298,253,1 - GET - Google,200,OK,Thread Group 1-3,text,true,,19963,120,3,3,https://www.google.com.br/,238,ISO-8859-1,1,0,98c5486a02ba,0,98
1704999832851,41,5 - GET - sbt,200,OK,Thread Group 1-2,text,true,,5392,117,3,3,https://www.sbt.com.br/,41,ISO-8859-1,1,0,98c5486a02ba,0,0
1704999833275,165,3 - GET - Terra,200,OK,Thread Group 1-1,text,true,,417129,119,3,3,https://www.terra.com.br/,108,utf-8,1,0,98c5486a02ba,0,61
1704999833552,143,1 - GET - Google,200,OK,Thread Group 1-3,text,true,,19983,120,3,3,https://www.google.com.br/,138,ISO-8859-1,1,0,98c5486a02ba,0,0
1704999837893,60,3 - GET - Terra,200,OK,Thread Group 1-2,text,true,,417249,119,3,3,https://www.terra.com.br/,41,utf-8,1,0,98c5486a02ba,0,0
1704999838440,66,2 - GET - UOL,200,OK,Thread Group 1-1,text,true,,832764,117,3,3,https://www.uol.com.br/,26,UTF-8,1,0,98c5486a02ba,0,0
1704999838694,71,2 - GET - UOL,200,OK,Thread Group 1-3,text,true,,832764,117,3,3,https://www.uol.com.br/,29,UTF-8,1,0,98c5486a02ba,0,0
1704999842955,75,2 - GET - UOL,200,OK,Thread Group 1-2,text,true,,829194,117,3,3,https://www.uol.com.br/,32,UTF-8,1,0,98c5486a02ba,0,0
1704999843508,108,4 - GET - g1,200,OK,Thread Group 1-1,text,true,,1005410,115,3,3,https://g1.globo.com/,23,UTF-8,1,0,98c5486a02ba,0,0
1704999843767,252,4 - GET - g1,200,OK,Thread Group 1-3,text,true,,1005410,115,3,3,https://g1.globo.com/,77,UTF-8,1,0,98c5486a02ba,0,56
1704999848031,358,7 - GET - erro,Non HTTP response code: javax.net.ssl.SSLException,Non HTTP response message: Unsupported or unrecognized SSL message,Thread Group 1-2,text,false,,2805,0,3,3,https://www.r7.com.br/,0,ISO-8859-1,1,1,98c5486a02ba,0,358
1704999849020,51,3 - GET - Terra,200,OK,Thread Group 1-3,text,true,,417249,119,3,3,https://www.terra.com.br/,31,utf-8,1,0,98c5486a02ba,0,0
1704999848617,608,1 - GET - Google,200,OK,Thread Group 1-1,text,true,,20032,120,3,3,https://www.google.com.br/,587,ISO-8859-1,1,0,98c5486a02ba,0,407
1704999853390,137,1 - GET - Google,200,OK,Thread Group 1-2,text,true,,19998,120,3,3,https://www.google.com.br/,133,ISO-8859-1,1,0,98c5486a02ba,0,0
1704999854071,45,5 - GET - sbt,200,OK,Thread Group 1-3,text,true,,5387,117,3,3,https://www.sbt.com.br/,45,ISO-8859-1,1,0,98c5486a02ba,0,0
1704999854225,154,5 - GET - sbt,200,OK,Thread Group 1-1,text,true,,5387,117,3,3,https://www.sbt.com.br/,154,ISO-8859-1,1,0,98c5486a02ba,0,107
1704999858529,236,4 - GET - g1,200,OK,Thread Group 1-2,text,true,,1005475,115,3,3,https://g1.globo.com/,74,UTF-8,1,0,98c5486a02ba,0,53
1704999859118,348,7 - GET - erro,Non HTTP response code: javax.net.ssl.SSLException,Non HTTP response message: Unsupported or unrecognized SSL message,Thread Group 1-3,text,false,,2805,0,3,3,https://www.r7.com.br/,0,ISO-8859-1,1,1,98c5486a02ba,0,348
1704999859381,353,7 - GET - erro,Non HTTP response code: javax.net.ssl.SSLException,Non HTTP response message: Unsupported or unrecognized SSL message,Thread Group 1-1,text,false,,2805,0,3,3,https://www.r7.com.br/,0,ISO-8859-1,1,1,98c5486a02ba,0,353
1704999863765,66,3 - GET - Terra,200,OK,Thread Group 1-2,text,true,,416810,119,3,3,https://www.terra.com.br/,49,utf-8,1,0,98c5486a02ba,0,0
1704999864467,130,1 - GET - Google,200,OK,Thread Group 1-3,text,true,,19982,120,3,3,https://www.google.com.br/,125,ISO-8859-1,1,0,98c5486a02ba,0,0
1704999864735,65,2 - GET - UOL,200,OK,Thread Group 1-1,text,true,,829202,117,3,3,https://www.uol.com.br/,28,UTF-8,1,0,98c5486a02ba,0,0
1704999868833,138,1 - GET - Google,200,OK,Thread Group 1-2,text,true,,19964,120,3,3,https://www.google.com.br/,132,ISO-8859-1,1,0,98c5486a02ba,0,0
1704999869599,224,3 - GET - Terra,200,OK,Thread Group 1-3,text,true,,416702,119,3,3,https://www.terra.com.br/,167,utf-8,1,0,98c5486a02ba,0,122
1704999869802,49,5 - GET - sbt,200,OK,Thread Group 1-1,text,true,,5394,117,3,3,https://www.sbt.com.br/,49,ISO-8859-1,1,0,98c5486a02ba,0,0
1704999873972,247,2 - GET - UOL,200,OK,Thread Group 1-2,text,true,,830681,117,3,3,https://www.uol.com.br/,138,UTF-8,1,0,98c5486a02ba,0,109
1704999874852,249,4 - GET - g1,200,OK,Thread Group 1-1,text,true,,1005479,115,3,3,https://g1.globo.com/,87,UTF-8,1,0,98c5486a02ba,0,59
1704999874824,343,7 - GET - erro,Non HTTP response code: javax.net.ssl.SSLException,Non HTTP response message: Unsupported or unrecognized SSL message,Thread Group 1-3,text,false,,2805,0,3,3,https://www.r7.com.br/,0,ISO-8859-1,1,1,98c5486a02ba,0,343
1704999879220,109,4 - GET - g1,200,OK,Thread Group 1-2,text,true,,1005475,115,3,3,https://g1.globo.com/,24,UTF-8,1,0,98c5486a02ba,0,0
1704999880101,98,3 - GET - Terra,200,OK,Thread Group 1-1,text,true,,416810,119,3,3,https://www.terra.com.br/,68,utf-8,1,0,98c5486a02ba,0,0
1704999880168,189,2 - GET - UOL,200,OK,Thread Group 1-3,text,true,,830681,117,3,3,https://www.uol.com.br/,84,UTF-8,1,0,98c5486a02ba,0,59
1704999884331,166,5 - GET - sbt,200,OK,Thread Group 1-2,text,true,,5387,117,3,3,https://www.sbt.com.br/,166,ISO-8859-1,1,0,98c5486a02ba,0,122
1704999885201,132,1 - GET - Google,200,OK,Thread Group 1-1,text,true,,20008,120,3,3,https://www.google.com.br/,128,ISO-8859-1,1,0,98c5486a02ba,0,0
1704999885359,103,4 - GET - g1,200,OK,Thread Group 1-3,text,true,,1005476,115,3,3,https://g1.globo.com/,22,UTF-8,1,0,98c5486a02ba,0,0
1704999889498,407,7 - GET - erro,Non HTTP response code: javax.net.ssl.SSLException,Non HTTP response message: Unsupported or unrecognized SSL message,Thread Group 1-2,text,false,,2805,0,3,3,https://www.r7.com.br/,0,ISO-8859-1,1,1,98c5486a02ba,0,407
1704999890334,42,5 - GET - sbt,200,OK,Thread Group 1-1,text,true,,5387,117,3,3,https://www.sbt.com.br/,42,ISO-8859-1,1,0,98c5486a02ba,0,0
1704999890463,169,5 - GET - sbt,200,OK,Thread Group 1-3,text,true,,5387,117,3,3,https://www.sbt.com.br/,168,ISO-8859-1,1,0,98c5486a02ba,0,106
1704999894906,156,3 - GET - Terra,200,OK,Thread Group 1-2,text,true,,404173,119,3,3,https://www.terra.com.br/,90,utf-8,1,0,98c5486a02ba,0,60
1704999895377,227,2 - GET - UOL,200,OK,Thread Group 1-1,text,true,,829367,117,3,3,https://www.uol.com.br/,96,UTF-8,1,0,98c5486a02ba,0,63
1704999895632,57,3 - GET - Terra,200,OK,Thread Group 1-3,text,true,,404281,119,3,3,https://www.terra.com.br/,35,utf-8,1,0,98c5486a02ba,0,0
1704999900065,96,4 - GET - g1,200,OK,Thread Group 1-2,text,true,,1005468,115,3,3,https://g1.globo.com/,27,UTF-8,1,0,98c5486a02ba,0,0
1704999900606,100,4 - GET - g1,200,OK,Thread Group 1-1,text,true,,1005472,115,3,3,https://g1.globo.com/,24,UTF-8,1,0,98c5486a02ba,0,0
1704999900691,330,7 - GET - erro,Non HTTP response code: javax.net.ssl.SSLException,Non HTTP response message: Unsupported or unrecognized SSL message,Thread Group 1-3,text,false,,2805,0,3,3,https://www.r7.com.br/,0,ISO-8859-1,1,1,98c5486a02ba,0,330
1704999905163,66,2 - GET - UOL,200,OK,Thread Group 1-2,text,true,,829356,117,3,3,https://www.uol.com.br/,27,UTF-8,1,0,98c5486a02ba,0,0
1704999906023,42,5 - GET - sbt,200,OK,Thread Group 1-3,text,true,,5387,117,3,3,https://www.sbt.com.br/,42,ISO-8859-1,1,0,98c5486a02ba,0,0
1704999905708,364,7 - GET - erro,Non HTTP response code: javax.net.ssl.SSLException,Non HTTP response message: Unsupported or unrecognized SSL message,Thread Group 1-1,text,false,,2805,0,3,3,https://www.r7.com.br/,0,ISO-8859-1,1,1,98c5486a02ba,0,363
1704999910229,1102,7 - GET - erro,Non HTTP response code: javax.net.ssl.SSLException,Non HTTP response message: Unsupported or unrecognized SSL message,Thread Group 1-2,text,false,,2805,0,3,3,https://www.r7.com.br/,0,ISO-8859-1,1,1,98c5486a02ba,0,1102
1704999911065,268,4 - GET - g1,200,OK,Thread Group 1-3,text,true,,1005472,115,3,3,https://g1.globo.com/,92,UTF-8,1,0,98c5486a02ba,0,66
1704999911072,265,1 - GET - Google,200,OK,Thread Group 1-1,text,true,,19977,120,3,3,https://www.google.com.br/,248,ISO-8859-1,1,0,98c5486a02ba,0,123
1704999916335,68,2 - GET - UOL,200,OK,Thread Group 1-3,text,true,,829178,117,3,3,https://www.uol.com.br/,29,UTF-8,1,0,98c5486a02ba,0,0
1704999916338,234,3 - GET - Terra,200,OK,Thread Group 1-1,text,true,,403145,119,3,3,https://www.terra.com.br/,179,utf-8,1,0,98c5486a02ba,0,114
1704999916334,248,1 - GET - Google,200,OK,Thread Group 1-2,text,true,,19980,120,3,3,https://www.google.com.br/,228,ISO-8859-1,1,0,98c5486a02ba,0,99
1704999921583,182,5 - GET - sbt,200,OK,Thread Group 1-2,text,true,,5393,117,3,3,https://www.sbt.com.br/,182,ISO-8859-1,1,0,98c5486a02ba,0,0
1704999921404,570,1 - GET - Google,200,OK,Thread Group 1-3,text,true,,20001,120,3,3,https://www.google.com.br/,554,ISO-8859-1,1,0,98c5486a02ba,0,421
1704999921573,480,7 - GET - erro,Non HTTP response code: javax.net.ssl.SSLException,Non HTTP response message: Unsupported or unrecognized SSL message,Thread Group 1-1,text,false,,2805,0,3,3,https://www.r7.com.br/,0,ISO-8859-1,1,1,98c5486a02ba,0,480
1704999926765,64,2 - GET - UOL,200,OK,Thread Group 1-2,text,true,,829356,117,3,3,https://www.uol.com.br/,24,UTF-8,1,0,98c5486a02ba,0,0
1704999927053,93,4 - GET - g1,200,OK,Thread Group 1-1,text,true,,1005524,115,3,3,https://g1.globo.com/,21,UTF-8,1,0,98c5486a02ba,0,0
1704999926975,333,7 - GET - erro,Non HTTP response code: javax.net.ssl.SSLException,Non HTTP response message: Unsupported or unrecognized SSL message,Thread Group 1-3,text,false,,2805,0,3,3,https://www.r7.com.br/,0,ISO-8859-1,1,1,98c5486a02ba,0,332
1704999931831,224,4 - GET - g1,200,OK,Thread Group 1-2,text,true,,1009318,115,3,3,https://g1.globo.com/,89,UTF-8,1,0,98c5486a02ba,0,61
1704999932148,72,3 - GET - Terra,200,OK,Thread Group 1-1,text,true,,403253,119,3,3,https://www.terra.com.br/,46,utf-8,1,0,98c5486a02ba,0,0
1704999932310,87,2 - GET - UOL,200,OK,Thread Group 1-3,text,true,,829356,117,3,3,https://www.uol.com.br/,32,UTF-8,1,0,98c5486a02ba,0,0
1704999937057,57,3 - GET - Terra,200,OK,Thread Group 1-2,text,true,,403253,119,3,3,https://www.terra.com.br/,37,utf-8,1,0,98c5486a02ba,0,0
1704999937221,203,5 - GET - sbt,200,OK,Thread Group 1-1,text,true,,5387,117,3,3,https://www.sbt.com.br/,203,ISO-8859-1,1,0,98c5486a02ba,0,151
1704999937398,46,5 - GET - sbt,200,OK,Thread Group 1-3,text,true,,5387,117,3,3,https://www.sbt.com.br/,46,ISO-8859-1,1,0,98c5486a02ba,0,0
1704999942115,142,1 - GET - Google,200,OK,Thread Group 1-2,text,true,,19942,120,3,3,https://www.google.com.br/,135,ISO-8859-1,1,0,98c5486a02ba,0,0
1704999942424,93,2 - GET - UOL,200,OK,Thread Group 1-1,text,true,,830582,117,3,3,https://www.uol.com.br/,30,UTF-8,1,0,98c5486a02ba,0,0
1704999942444,135,1 - GET - Google,200,OK,Thread Group 1-3,text,true,,19960,120,3,3,https://www.google.com.br/,134,ISO-8859-1,1,0,98c5486a02ba,0,0
1704999947258,162,5 - GET - sbt,200,OK,Thread Group 1-2,text,true,,5394,117,3,3,https://www.sbt.com.br/,162,ISO-8859-1,1,0,98c5486a02ba,0,113
1704999947519,134,1 - GET - Google,200,OK,Thread Group 1-1,text,true,,20040,120,3,3,https://www.google.com.br/,127,ISO-8859-1,1,0,98c5486a02ba,0,0
1704999947581,126,4 - GET - g1,200,OK,Thread Group 1-3,text,true,,1009322,115,3,3,https://g1.globo.com/,25,UTF-8,1,0,98c5486a02ba,0,0
1704999952655,57,3 - GET - Terra,200,OK,Thread Group 1-1,text,true,,403843,119,3,3,https://www.terra.com.br/,32,utf-8,1,0,98c5486a02ba,0,0
1704999952421,458,7 - GET - erro,Non HTTP response code: javax.net.ssl.SSLException,Non HTTP response message: Unsupported or unrecognized SSL message,Thread Group 1-2,text,false,,2805,0,3,3,https://www.r7.com.br/,0,ISO-8859-1,1,1,98c5486a02ba,0,458
1704999952708,228,3 - GET - Terra,200,OK,Thread Group 1-3,text,true,,403723,119,3,3,https://www.terra.com.br/,167,utf-8,1,0,98c5486a02ba,0,126
1704999957711,250,2 - GET - UOL,200,OK,Thread Group 1-1,text,true,,830749,117,3,3,https://www.uol.com.br/,138,UTF-8,1,0,98c5486a02ba,0,106
1704999957880,141,1 - GET - Google,200,OK,Thread Group 1-2,text,true,,19958,120,3,3,https://www.google.com.br/,134,ISO-8859-1,1,0,98c5486a02ba,0,0
1704999957936,353,7 - GET - erro,Non HTTP response code: javax.net.ssl.SSLException,Non HTTP response message: Unsupported or unrecognized SSL message,Thread Group 1-3,text,false,,2805,0,3,3,https://www.r7.com.br/,0,ISO-8859-1,1,1,98c5486a02ba,0,353
1704999963022,225,2 - GET - UOL,200,OK,Thread Group 1-2,text,true,,831128,117,3,3,https://www.uol.com.br/,96,UTF-8,1,0,98c5486a02ba,0,59
1704999962963,322,7 - GET - erro,Non HTTP response code: javax.net.ssl.SSLException,Non HTTP response message: Unsupported or unrecognized SSL message,Thread Group 1-1,text,false,,2805,0,3,3,https://www.r7.com.br/,0,ISO-8859-1,1,1,98c5486a02ba,0,322
1704999963292,207,2 - GET - UOL,200,OK,Thread Group 1-3,text,true,,831128,117,3,3,https://www.uol.com.br/,97,UTF-8,1,0,98c5486a02ba,0,72
1704999968248,146,3 - GET - Terra,200,OK,Thread Group 1-2,text,true,,403735,119,3,3,https://www.terra.com.br/,90,utf-8,1,0,98c5486a02ba,0,55
1704999968285,137,1 - GET - Google,200,OK,Thread Group 1-1,text,true,,19953,120,3,3,https://www.google.com.br/,129,ISO-8859-1,1,0,98c5486a02ba,0,0
1704999968498,94,4 - GET - g1,200,OK,Thread Group 1-3,text,true,,1009321,115,3,3,https://g1.globo.com/,25,UTF-8,1,0,98c5486a02ba,0,0
1704999973424,43,5 - GET - sbt,200,OK,Thread Group 1-1,text,true,,5387,117,3,3,https://www.sbt.com.br/,43,ISO-8859-1,1,0,98c5486a02ba,0,0
1704999973396,334,7 - GET - erro,Non HTTP response code: javax.net.ssl.SSLException,Non HTTP response message: Unsupported or unrecognized SSL message,Thread Group 1-2,text,false,,2805,0,3,3,https://www.r7.com.br/,0,ISO-8859-1,1,1,98c5486a02ba,0,334
1704999973594,165,5 - GET - sbt,200,OK,Thread Group 1-3,text,true,,5392,117,3,3,https://www.sbt.com.br/,165,ISO-8859-1,1,0,98c5486a02ba,0,121
1704999978467,230,4 - GET - g1,200,OK,Thread Group 1-1,text,true,,1009350,115,3,3,https://g1.globo.com/,83,UTF-8,1,0,98c5486a02ba,0,63
1704999978730,98,4 - GET - g1,200,OK,Thread Group 1-2,text,true,,1009317,115,3,3,https://g1.globo.com/,29,UTF-8,1,0,98c5486a02ba,0,0
1704999978759,76,3 - GET - Terra,200,OK,Thread Group 1-3,text,true,,403222,119,3,3,https://www.terra.com.br/,37,utf-8,1,0,98c5486a02ba,0,0
1704999983830,50,5 - GET - sbt,200,OK,Thread Group 1-2,text,true,,5387,117,3,3,https://www.sbt.com.br/,50,ISO-8859-1,1,0,98c5486a02ba,0,0
1704999983699,243,3 - GET - Terra,200,OK,Thread Group 1-1,text,true,,403186,119,3,3,https://www.terra.com.br/,186,utf-8,1,0,98c5486a02ba,0,138
1704999983836,565,1 - GET - Google,200,OK,Thread Group 1-3,text,true,,20005,120,3,3,https://www.google.com.br/,551,ISO-8859-1,1,0,98c5486a02ba,0,134
1704999988942,45,5 - GET - sbt,200,OK,Thread Group 1-1,text,true,,5393,117,3,3,https://www.sbt.com.br/,45,ISO-8859-1,1,0,98c5486a02ba,0,0
1704999988880,307,1 - GET - Google,200,OK,Thread Group 1-2,text,true,,19984,120,3,3,https://www.google.com.br/,290,ISO-8859-1,1,0,98c5486a02ba,0,109
1704999989401,61,3 - GET - Terra,200,OK,Thread Group 1-3,text,true,,403294,119,3,3,https://www.terra.com.br/,41,utf-8,1,0,98c5486a02ba,0,0
1704999994188,45,5 - GET - sbt,200,OK,Thread Group 1-2,text,true,,5393,117,3,3,https://www.sbt.com.br/,45,ISO-8859-1,1,0,98c5486a02ba,0,0
1704999993989,333,7 - GET - erro,Non HTTP response code: javax.net.ssl.SSLException,Non HTTP response message: Unsupported or unrecognized SSL message,Thread Group 1-1,text,false,,2805,0,3,3,https://www.r7.com.br/,0,ISO-8859-1,1,1,98c5486a02ba,0,333
1704999994462,337,7 - GET - erro,Non HTTP response code: javax.net.ssl.SSLException,Non HTTP response message: Unsupported or unrecognized SSL message,Thread Group 1-3,text,false,,2805,0,3,3,https://www.r7.com.br/,0,ISO-8859-1,1,1,98c5486a02ba,0,337
1704999999235,66,3 - GET - Terra,200,OK,Thread Group 1-2,text,true,,403331,119,3,3,https://www.terra.com.br/,41,utf-8,1,0,98c5486a02ba,0,0
1704999999324,96,4 - GET - g1,200,OK,Thread Group 1-1,text,true,,1009350,115,3,3,https://g1.globo.com/,24,UTF-8,1,0,98c5486a02ba,0,0
1704999999800,40,5 - GET - sbt,200,OK,Thread Group 1-3,text,true,,5387,117,3,3,https://www.sbt.com.br/,40,ISO-8859-1,1,0,98c5486a02ba,0,0
1705000004302,336,7 - GET - erro,Non HTTP response code: javax.net.ssl.SSLException,Non HTTP response message: Unsupported or unrecognized SSL message,Thread Group 1-2,text,false,,2805,0,3,3,https://www.r7.com.br/,0,ISO-8859-1,1,1,98c5486a02ba,0,336
1705000004421,252,1 - GET - Google,200,OK,Thread Group 1-1,text,true,,19972,120,3,3,https://www.google.com.br/,235,ISO-8859-1,1,0,98c5486a02ba,0,99
1705000004842,233,4 - GET - g1,200,OK,Thread Group 1-3,text,true,,1009350,115,3,3,https://g1.globo.com/,84,UTF-8,1,0,98c5486a02ba,0,61
1705000009641,83,2 - GET - UOL,200,OK,Thread Group 1-2,text,true,,830521,117,3,3,https://www.uol.com.br/,27,UTF-8,1,0,98c5486a02ba,0,0
1705000009675,72,2 - GET - UOL,200,OK,Thread Group 1-1,text,true,,830521,117,3,3,https://www.uol.com.br/,27,UTF-8,1,0,98c5486a02ba,0,0
1705000010077,145,1 - GET - Google,200,OK,Thread Group 1-3,text,true,,20393,120,3,3,https://www.google.com.br/,140,ISO-8859-1,1,0,98c5486a02ba,0,0
1705000014747,68,2 - GET - UOL,200,OK,Thread Group 1-1,text,true,,833059,117,3,3,https://www.uol.com.br/,31,UTF-8,1,0,98c5486a02ba,0,0
1705000014724,329,4 - GET - g1,200,OK,Thread Group 1-2,text,true,,1009360,115,3,3,https://g1.globo.com/,98,UTF-8,1,0,98c5486a02ba,0,77
1705000015222,67,2 - GET - UOL,200,OK,Thread Group 1-3,text,true,,833059,117,3,3,https://www.uol.com.br/,28,UTF-8,1,0,98c5486a02ba,0,0
1705000019816,165,1 - GET - Google,200,OK,Thread Group 1-1,text,true,,20007,120,3,3,https://www.google.com.br/,159,ISO-8859-1,1,0,98c5486a02ba,0,0
1705000020055,147,4 - GET - g1,200,OK,Thread Group 1-2,text,true,,1009361,115,3,3,https://g1.globo.com/,24,UTF-8,1,0,98c5486a02ba,0,0
1705000020291,332,7 - GET - erro,Non HTTP response code: javax.net.ssl.SSLException,Non HTTP response message: Unsupported or unrecognized SSL message,Thread Group 1-3,text,false,,2805,0,3,3,https://www.r7.com.br/,0,ISO-8859-1,1,1,98c5486a02ba,0,332
1705000024980,60,3 - GET - Terra,200,OK,Thread Group 1-1,text,true,,403331,119,3,3,https://www.terra.com.br/,40,utf-8,1,0,98c5486a02ba,0,0
1705000025202,67,3 - GET - Terra,200,OK,Thread Group 1-2,text,true,,403331,119,3,3,https://www.terra.com.br/,47,utf-8,1,0,98c5486a02ba,0,0
1705000025623,156,1 - GET - Google,200,OK,Thread Group 1-3,text,true,,20023,120,3,3,https://www.google.com.br/,154,ISO-8859-1,1,0,98c5486a02ba,0,0
1705000030041,83,4 - GET - g1,200,OK,Thread Group 1-1,text,true,,1009362,115,3,3,https://g1.globo.com/,23,UTF-8,1,0,98c5486a02ba,0,0
1705000030270,442,1 - GET - Google,200,OK,Thread Group 1-2,text,true,,19998,120,3,3,https://www.google.com.br/,437,ISO-8859-1,1,0,98c5486a02ba,0,0
1705000030780,304,2 - GET - UOL,200,OK,Thread Group 1-3,text,true,,830649,117,3,3,https://www.uol.com.br/,158,UTF-8,1,0,98c5486a02ba,0,128
1705000035124,164,5 - GET - sbt,200,OK,Thread Group 1-1,text,true,,5394,117,3,3,https://www.sbt.com.br/,164,ISO-8859-1,1,0,98c5486a02ba,0,114
1705000035712,231,2 - GET - UOL,200,OK,Thread Group 1-2,text,true,,830699,117,3,3,https://www.uol.com.br/,94,UTF-8,1,0,98c5486a02ba,0,72
1705000036084,562,3 - GET - Terra,200,OK,Thread Group 1-3,text,true,,403223,119,3,3,https://www.terra.com.br/,191,utf-8,1,0,98c5486a02ba,0,154
1705000040288,409,7 - GET - erro,Non HTTP response code: javax.net.ssl.SSLException,Non HTTP response message: Unsupported or unrecognized SSL message,Thread Group 1-1,text,false,,2805,0,3,3,https://www.r7.com.br/,0,ISO-8859-1,1,1,98c5486a02ba,0,409
1705000040943,335,7 - GET - erro,Non HTTP response code: javax.net.ssl.SSLException,Non HTTP response message: Unsupported or unrecognized SSL message,Thread Group 1-2,text,false,,2805,0,3,3,https://www.r7.com.br/,0,ISO-8859-1,1,1,98c5486a02ba,0,335
1705000041646,113,4 - GET - g1,200,OK,Thread Group 1-3,text,true,,1009360,115,3,3,https://g1.globo.com/,31,UTF-8,1,0,98c5486a02ba,0,0
1705000045699,334,7 - GET - erro,Non HTTP response code: javax.net.ssl.SSLException,Non HTTP response message: Unsupported or unrecognized SSL message,Thread Group 1-1,text,false,,2805,0,3,3,https://www.r7.com.br/,0,ISO-8859-1,1,1,98c5486a02ba,0,334
1705000046282,165,5 - GET - sbt,200,OK,Thread Group 1-2,text,true,,5393,117,3,3,https://www.sbt.com.br/,164,ISO-8859-1,1,0,98c5486a02ba,0,117
1705000046761,501,5 - GET - sbt,200,OK,Thread Group 1-3,text,true,,5393,117,3,3,https://www.sbt.com.br/,501,ISO-8859-1,1,0,98c5486a02ba,0,452
1705000051034,137,1 - GET - Google,200,OK,Thread Group 1-1,text,true,,19955,120,3,3,https://www.google.com.br/,134,ISO-8859-1,1,0,98c5486a02ba,0,0
1705000051448,89,2 - GET - UOL,200,OK,Thread Group 1-2,text,true,,830471,117,3,3,https://www.uol.com.br/,45,UTF-8,1,0,98c5486a02ba,0,0
1705000052263,70,2 - GET - UOL,200,OK,Thread Group 1-3,text,true,,830471,117,3,3,https://www.uol.com.br/,30,UTF-8,1,0,98c5486a02ba,0,0
1705000056538,417,4 - GET - g1,200,OK,Thread Group 1-2,text,true,,1009389,115,3,3,https://g1.globo.com/,314,UTF-8,1,0,98c5486a02ba,0,0
1705000056173,865,4 - GET - g1,200,OK,Thread Group 1-1,text,true,,1009391,115,3,3,https://g1.globo.com/,680,UTF-8,1,0,98c5486a02ba,0,89
1705000057334,100,4 - GET - g1,200,OK,Thread Group 1-3,text,true,,1009389,115,3,3,https://g1.globo.com/,25,UTF-8,1,0,98c5486a02ba,0,0
1705000062039,424,3 - GET - Terra,200,OK,Thread Group 1-1,text,true,,403213,119,3,3,https://www.terra.com.br/,326,utf-8,1,0,98c5486a02ba,0,294
1705000061956,507,3 - GET - Terra,200,OK,Thread Group 1-2,text,true,,403213,119,3,3,https://www.terra.com.br/,415,utf-8,1,0,98c5486a02ba,0,377
1705000062437,339,7 - GET - erro,Non HTTP response code: javax.net.ssl.SSLException,Non HTTP response message: Unsupported or unrecognized SSL message,Thread Group 1-3,text,false,,2805,0,3,3,https://www.r7.com.br/,0,ISO-8859-1,1,1,98c5486a02ba,0,339
1705000067465,268,2 - GET - UOL,200,OK,Thread Group 1-1,text,true,,830472,117,3,3,https://www.uol.com.br/,150,UTF-8,1,0,98c5486a02ba,0,119
1705000067465,349,7 - GET - erro,Non HTTP response code: javax.net.ssl.SSLException,Non HTTP response message: Unsupported or unrecognized SSL message,Thread Group 1-2,text,false,,2805,0,3,3,https://www.r7.com.br/,0,ISO-8859-1,1,1,98c5486a02ba,0,349
1705000067777,268,1 - GET - Google,200,OK,Thread Group 1-3,text,true,,19972,120,3,3,https://www.google.com.br/,251,ISO-8859-1,1,0,98c5486a02ba,0,116
1705000072735,45,5 - GET - sbt,200,OK,Thread Group 1-1,text,true,,5394,117,3,3,https://www.sbt.com.br/,45,ISO-8859-1,1,0,98c5486a02ba,0,0
1705000073047,40,5 - GET - sbt,200,OK,Thread Group 1-3,text,true,,5387,117,2,2,https://www.sbt.com.br/,40,ISO-8859-1,1,0,98c5486a02ba,0,0
1705000072815,280,1 - GET - Google,200,OK,Thread Group 1-2,text,true,,20025,120,2,2,https://www.google.com.br/,257,ISO-8859-1,1,0,98c5486a02ba,0,113
1705000078087,66,3 - GET - Terra,200,OK,Thread Group 1-3,text,true,,403300,119,2,2,https://www.terra.com.br/,39,utf-8,1,0,98c5486a02ba,0,0
1705000078094,59,5 - GET - sbt,200,OK,Thread Group 1-2,text,true,,5387,117,2,2,https://www.sbt.com.br/,58,ISO-8859-1,1,0,98c5486a02ba,0,0
